,IRAC3_6,IRAC3_6_err,IRAC4_5,IRAC4_5_err,IRAC5_8,IRAC5_8_err,IRAC8,IRAC8_err,MIPS24,MIPS24_err,MIPS70,MIPS70_err,PACS100,PACS100_err,PACS160,PACS160_err,SCUBA2_450,SCUBA2_450_err,SPIRE250,SPIRE250_err,SPIRE350,SPIRE350_err,SPIRE500,SPIRE500_err,WISE12,WISE12_err,WISE22,WISE22_err,WISE3_4,WISE3_4_err,WISE4_6,WISE4_6_err,dist,name,planck353,planck353_err
0,23.086,4.6775,15.063,3.0573,25.387,6.442400000000001,49.207,12.4793,47.33,6.7204,716.44,108.43,1485.1,224.552,1961.4,296.125,,,1303.3,203.178,717.26,111.75399999999999,319.0,70.81,29.982,4.3967,50.918,8.1768,23.519,2.93887,13.021,1.6804000000000003,840,M33,91.9,16.1
